time,geo,kpi_orders,kpi_revenue,revenue_per_kpi,population,paid_search_impressions,paid_search_spend,shopping_impressions,shopping_spend,paid_social_impressions,paid_social_spend,organic_sessions,consumer_sentiment_index,competitor_discount_index,music_center_promo
2024-01-01,CA,1193,336216.62,281.82,39000000,373976,2706.11,173541,1249.49,230230,2604.63,9755,101.103,0.1646,1
2024-01-01,TX,967,280539.17,290.11,30500000,329769,2365.58,154784,1114.45,225728,2553.44,7889,100.476,0.1551,1
2024-01-01,FL,851,245403.82,288.37,22900000,247204,1806.69,125078,900.56,185042,2103.22,6726,99.759,0.1524,1
2024-01-01,NY,937,272966.38,291.32,19600000,281849,2015.3,131671,948.03,204039,2306.42,7072,100.854,0.168,1
2024-01-08,CA,1018,303496.39,298.13,39000000,330024,2369.86,164865,1187.02,238258,2690.84,9394,100.892,0.1708,0
2024-01-08,TX,794,224462.97,282.7,30500000,290239,2151.74,144853,1042.94,215368,2445.85,8207,100.807,0.1506,0
2024-01-08,FL,721,207271.84,287.48,22900000,231149,1679.18,138213,995.13,184549,2087.77,6899,100.663,0.1507,0
2024-01-08,NY,790,229733.92,290.8,19600000,266236,1919.03,126200,908.64,195141,2212.85,7129,100.61,0.1798,0
2024-01-15,CA,984,290912.79,295.64,39000000,336065,2459.49,169038,1217.07,235149,2666.66,9541,100.772,0.1531,0
2024-01-15,TX,832,239216.32,287.52,30500000,302553,2229.0,144626,1041.31,200192,2277.61,7497,100.999,0.1502,0
2024-01-15,FL,758,215988.64,284.95,22900000,234411,1697.3,116839,841.24,169470,1907.68,6246,99.617,0.1564,0
2024-01-15,NY,744,221288.22,297.43,19600000,278499,2013.8,123703,890.66,175115,1980.9,7354,99.7,0.15,0
2024-01-22,CA,1016,298280.45,293.58,39000000,354411,2563.96,182560,1314.43,233066,2642.55,9991,101.203,0.1331,0
2024-01-22,TX,877,255099.46,290.88,30500000,296238,2137.82,164467,1184.16,207475,2354.15,7685,100.904,0.1263,0
2024-01-22,FL,796,228245.28,286.74,22900000,247201,1825.83,116240,836.93,166496,1878.49,6816,100.072,0.156,0
2024-01-22,NY,741,221589.43,299.04,19600000,253942,1861.18,118426,852.67,183821,2091.11,7346,100.321,0.1591,0
2024-01-29,CA,1071,323970.54,302.49,39000000,355456,2562.95,202719,1459.58,255115,2893.06,9127,101.79,0.1432,0
2024-01-29,TX,890,268308.48,301.47,30500000,313818,2266.14,169731,1222.06,210770,2398.58,7577,100.484,0.1156,0
2024-01-29,FL,783,231865.86,296.12,22900000,256404,1896.13,133991,964.73,166546,1898.85,6391,102.128,0.1474,0
2024-01-29,NY,747,222338.7,297.64,19600000,261481,1932.96,119047,857.14,201817,2272.0,7049,100.146,0.1359,0
2024-02-05,CA,989,299285.7,302.61,39000000,338499,2460.96,199980,1439.86,270266,3048.65,9357,102.455,0.1331,0
2024-02-05,TX,923,267017.86,289.29,30500000,308709,2206.94,148270,1067.54,191844,2166.69,7965,101.741,0.1257,0
2024-02-05,FL,754,215414.47,285.7,22900000,257053,1877.07,116215,836.75,173214,1952.52,6409,101.354,0.1244,0
2024-02-05,NY,770,220952.74,286.95,19600000,249454,1823.44,137448,989.62,199238,2256.94,6770,100.909,0.1293,0
2024-02-12,CA,1070,309371.33,289.13,39000000,379042,2754.95,177964,1281.34,247635,2804.65,9692,102.518,0.1006,0
2024-02-12,TX,908,273313.96,301.01,30500000,329793,2384.39,163581,1177.78,230195,2587.74,7681,101.742,0.1279,0
2024-02-12,FL,745,212866.71,285.73,22900000,255529,1817.5,129410,931.75,168284,1905.05,6745,100.665,0.1112,0
2024-02-12,NY,814,234609.31,288.22,19600000,259546,1863.26,152846,1100.49,168150,1904.24,7388,101.94,0.1077,0
2024-02-19,CA,1143,332316.17,290.74,39000000,366073,2631.95,175628,1264.52,282448,3195.78,10385,102.094,0.1007,0
2024-02-19,TX,923,280296.5,303.68,30500000,321302,2333.71,163881,1179.94,223877,2524.2,8194,102.735,0.1077,0
2024-02-19,FL,782,223843.2,286.24,22900000,262521,1896.14,122442,881.58,175354,1990.06,7129,102.104,0.1055,0
2024-02-19,NY,794,240138.8,302.44,19600000,250655,1816.7,141745,1020.56,200844,2261.57,7203,101.411,0.0955,0
2024-02-26,CA,1002,289477.16,288.9,39000000,370190,2722.58,183308,1319.82,261426,2945.01,10356,102.036,0.0808,0
2024-02-26,TX,919,265633.23,289.05,30500000,314019,2269.86,150504,1083.63,225209,2538.6,8577,101.562,0.0919,0
2024-02-26,FL,758,225742.3,297.81,22900000,278397,2041.77,141753,1020.62,172881,1959.99,6722,101.242,0.0755,0
2024-02-26,NY,832,242850.55,291.89,19600000,282563,2026.3,147701,1063.45,188208,2123.46,7434,102.468,0.0702,0
2024-03-04,CA,1113,331469.21,297.82,39000000,371103,2664.42,183583,1321.8,272938,3078.64,9470,102.604,0.0693,0
2024-03-04,TX,935,281387.28,300.95,30500000,297498,2127.89,177943,1281.19,226253,2552.0,8403,103.193,0.0683,0
2024-03-04,FL,809,232614.17,287.53,22900000,286918,2073.92,127818,920.29,173049,1962.46,7489,103.021,0.0818,0
2024-03-04,NY,872,249736.2,286.39,19600000,293927,2146.65,133016,957.71,210021,2368.98,7176,101.388,0.0973,0
2024-03-11,CA,1106,324447.33,293.35,39000000,367444,2646.38,181910,1309.75,278238,3123.26,10444,102.799,0.0574,0
2024-03-11,TX,964,275782.45,286.08,30500000,315073,2322.3,164457,1184.09,226196,2557.17,8260,102.016,0.0661,0
2024-03-11,FL,826,239250.46,289.65,22900000,269461,1927.58,129353,931.34,182662,2065.32,6868,103.002,0.0623,0
2024-03-11,NY,788,225230.14,285.83,19600000,280499,2026.68,153016,1101.71,192401,2189.14,7466,101.138,0.0919,0
2024-03-18,CA,1140,328113.14,287.82,39000000,372429,2666.15,216007,1555.25,271054,3064.97,10195,102.503,0.0901,0
2024-03-18,TX,990,295551.76,298.54,30500000,351556,2556.3,173562,1249.65,212015,2407.71,8298,103.112,0.0525,0
2024-03-18,FL,775,223272.5,288.09,22900000,278900,2006.06,136738,984.51,189810,2145.35,6875,101.733,0.0899,0
2024-03-18,NY,860,246055.18,286.11,19600000,301471,2206.91,142739,1027.72,193130,2172.46,7661,102.792,0.09,0
2024-03-25,CA,1130,330563.57,292.53,39000000,396847,2872.85,203954,1468.47,273021,3093.58,9446,103.171,0.0813,0
2024-03-25,TX,958,274167.03,286.19,30500000,312968,2295.06,168409,1212.54,237719,2687.5,8206,102.886,0.0739,0
2024-03-25,FL,775,222471.3,287.06,22900000,255003,1853.12,146028,1051.4,201326,2280.4,7526,103.087,0.0867,0
2024-03-25,NY,836,237335.15,283.89,19600000,306554,2233.5,140480,1011.46,193797,2184.99,7729,101.998,0.0591,0
2024-04-01,CA,1377,385946.8,280.28,39000000,439566,3165.11,228089,1642.24,284505,3200.09,11631,101.509,0.0551,1
2024-04-01,TX,1160,333057.46,287.12,30500000,331507,2417.13,192541,1386.29,236819,2673.8,9356,102.73,0.0555,1
2024-04-01,FL,941,277511.6,294.91,22900000,285435,2058.22,152088,1095.03,220015,2487.74,7640,102.248,0.0669,1
2024-04-01,NY,1016,292797.26,288.19,19600000,329135,2374.46,175138,1260.99,223025,2526.62,8266,102.021,0.0692,1
2024-04-08,CA,1163,330879.7,284.51,39000000,389817,2819.55,205795,1481.72,293587,3323.12,10227,102.07,0.0776,0
2024-04-08,TX,883,251082.33,284.35,30500000,320114,2360.38,160631,1156.54,211823,2403.72,8300,102.124,0.0778,0
2024-04-08,FL,859,250854.49,292.03,22900000,249947,1828.2,143539,1033.48,204718,2310.11,7451,103.327,0.094,0
2024-04-08,NY,805,230969.47,286.92,19600000,296278,2159.17,151914,1093.78,177809,2014.89,7100,103.238,0.0768,0
2024-04-15,CA,1131,314570.69,278.14,39000000,352069,2534.97,186153,1340.3,250004,2842.23,10406,102.425,0.1018,0
2024-04-15,TX,938,261285.96,278.56,30500000,331694,2400.9,150838,1086.03,221594,2513.18,8852,103.526,0.0854,0
2024-04-15,FL,776,222309.01,286.48,22900000,244790,1777.02,121461,874.52,182899,2074.41,7540,101.947,0.0717,0
2024-04-15,NY,828,233241.39,281.69,19600000,273683,2012.53,150346,1082.49,187610,2134.95,7033,101.814,0.09,0
2024-04-22,CA,1066,306175.33,287.22,39000000,355971,2618.55,179106,1289.57,283634,3192.27,9580,102.595,0.082,0
2024-04-22,TX,928,262958.4,283.36,30500000,332926,2446.86,177629,1278.93,246081,2778.39,8845,102.227,0.0885,0
2024-04-22,FL,810,233214.07,287.92,22900000,244688,1773.86,149290,1074.89,182046,2045.76,7104,101.45,0.0941,0
2024-04-22,NY,806,231742.42,287.52,19600000,294948,2120.78,142537,1026.27,188698,2144.35,7517,103.354,0.1122,0
2024-04-29,CA,1104,318165.28,288.19,39000000,418662,3051.75,168864,1215.82,263248,2968.13,10233,102.292,0.1082,0
2024-04-29,TX,998,290343.95,290.93,30500000,340869,2491.94,159546,1148.73,222557,2500.9,8532,101.42,0.0932,0
2024-04-29,FL,773,218918.1,283.21,22900000,270934,1966.09,126904,913.71,196006,2215.87,7338,102.146,0.1102,0
2024-04-29,NY,797,218956.24,274.73,19600000,263752,1933.57,140013,1008.09,204197,2313.55,7327,102.317,0.1276,0
2024-05-06,CA,1091,307089.36,281.48,39000000,375968,2741.87,194464,1400.14,266716,3022.95,9585,102.961,0.116,0
2024-05-06,TX,911,251424.19,275.99,30500000,309944,2231.9,141046,1015.53,213234,2416.31,8140,101.681,0.1391,0
2024-05-06,FL,785,222831.78,283.86,22900000,259927,1893.87,151536,1091.06,185296,2101.39,6782,100.909,0.1172,0
2024-05-06,NY,841,239072.68,284.27,19600000,273479,1966.39,152770,1099.95,206729,2322.38,7491,103.062,0.1185,0
2024-05-13,CA,1097,311305.89,283.78,39000000,386107,2849.72,204474,1472.22,260937,2953.65,10189,100.731,0.1135,0
2024-05-13,TX,918,254464.98,277.19,30500000,338632,2478.76,160346,1154.49,230558,2615.31,8352,100.668,0.1344,0
2024-05-13,FL,769,220100.96,286.22,22900000,277620,2000.08,119312,859.05,188865,2144.31,7463,101.238,0.1183,0
2024-05-13,NY,812,223221.93,274.9,19600000,294030,2155.28,128799,927.35,195490,2199.56,7736,101.91,0.1172,0
2024-05-20,CA,1089,302227.41,277.53,39000000,373591,2741.71,204964,1475.74,255081,2896.67,9526,102.057,0.1579,0
2024-05-20,TX,890,249043.28,279.82,30500000,331077,2388.06,156034,1123.44,212464,2402.62,8743,102.238,0.1556,0
2024-05-20,FL,719,196453.45,273.23,22900000,242531,1772.39,144878,1043.12,198040,2241.33,6759,100.558,0.1412,0
2024-05-20,NY,841,241633.17,287.32,19600000,286219,2101.97,150053,1080.38,195373,2225.36,7564,100.551,0.1283,0
2024-05-27,CA,1050,299348.76,285.09,39000000,360536,2625.57,189788,1366.47,268116,3039.47,9429,101.61,0.1437,0
2024-05-27,TX,931,268101.74,287.97,30500000,316794,2347.56,177376,1277.1,233854,2646.92,7825,101.038,0.1423,0
2024-05-27,FL,721,205641.77,285.22,22900000,253688,1870.77,132636,954.98,170831,1931.93,7085,102.534,0.1601,0
2024-05-27,NY,788,224430.17,284.81,19600000,247475,1795.86,136696,984.21,183179,2085.16,6839,101.317,0.1626,0
2024-06-03,CA,1093,309939.98,283.57,39000000,373282,2769.73,179268,1290.73,269453,3032.81,9739,100.997,0.155,0
2024-06-03,TX,882,251305.09,284.93,30500000,316879,2297.37,149237,1074.51,216911,2463.91,8106,102.26,0.1451,0
2024-06-03,FL,717,201283.5,280.73,22900000,236292,1708.92,146018,1051.33,201684,2276.43,7372,101.023,0.1734,0
2024-06-03,NY,820,237665.92,289.84,19600000,280328,2034.03,150816,1085.88,203631,2304.58,7361,101.515,0.159,0
2024-06-10,CA,1100,310909.76,282.65,39000000,350173,2569.38,206771,1488.75,254963,2872.45,9938,102.012,0.1564,0
2024-06-10,TX,890,249526.9,280.37,30500000,290052,2112.02,156514,1126.9,213348,2427.36,7731,101.706,0.1639,0
2024-06-10,FL,766,215061.31,280.76,22900000,259116,1840.86,119852,862.93,180645,2044.06,6895,101.532,0.1837,0
2024-06-10,NY,816,229382.56,281.11,19600000,268535,1920.03,141581,1019.39,184517,2090.49,7470,101.502,0.1513,0
2024-06-17,CA,1122,327133.86,291.56,39000000,391617,2825.3,166181,1196.51,255926,2893.39,10071,99.954,0.1797,0
2024-06-17,TX,865,242856.9,280.76,30500000,293792,2149.88,146451,1054.45,227619,2572.59,7727,99.973,0.1673,0
2024-06-17,FL,739,210062.41,284.25,22900000,241364,1734.58,137070,986.91,185372,2085.92,6686,101.665,0.1705,0
2024-06-17,NY,782,217628.46,278.3,19600000,268217,1908.02,152115,1095.23,189454,2145.86,6852,101.291,0.1688,0
2024-06-24,CA,1085,309735.57,285.47,39000000,343668,2516.34,172623,1242.89,239047,2708.83,9540,101.076,0.1599,0
2024-06-24,TX,861,247503.9,287.46,30500000,302371,2245.65,171356,1233.77,212523,2393.66,8086,100.807,0.1603,0
2024-06-24,FL,781,222210.01,284.52,22900000,254791,1849.37,137771,991.95,168439,1903.63,6970,100.181,0.1825,0
2024-06-24,NY,771,218616.75,283.55,19600000,281460,2026.38,126573,911.33,167611,1892.71,7126,100.252,0.1861,0
2024-07-01,CA,1305,373950.99,286.55,39000000,388048,2802.83,209277,1506.8,296640,3342.79,11026,99.887,0.1813,1
2024-07-01,TX,1089,310566.83,285.19,30500000,337808,2498.99,155188,1117.35,229064,2577.34,9294,98.939,0.158,1
2024-07-01,FL,934,262787.0,281.36,22900000,261530,1899.67,147621,1062.87,197669,2241.84,7551,100.564,0.1714,1
2024-07-01,NY,918,270852.06,295.05,19600000,293073,2149.07,147506,1062.04,209801,2360.73,7975,99.926,0.1571,1
2024-07-08,CA,1084,304379.2,280.79,39000000,368597,2720.01,171638,1235.79,270451,3059.29,9424,99.126,0.1575,0
2024-07-08,TX,838,235889.58,281.49,30500000,280357,2055.11,145416,1047.0,211650,2376.28,7943,100.068,0.162,0
2024-07-08,FL,742,215662.58,290.65,22900000,243735,1769.54,116112,836.01,190811,2156.65,6432,99.272,0.1637,0
2024-07-08,NY,756,224270.67,296.65,19600000,282008,2069.38,147973,1065.41,193743,2182.45,6869,100.413,0.1769,0
2024-07-15,CA,1061,309467.61,291.68,39000000,387579,2819.23,177357,1276.97,242810,2746.76,9735,99.644,0.1353,0
2024-07-15,TX,882,251364.79,284.99,30500000,282818,2051.88,161773,1164.77,211568,2395.7,7320,98.946,0.1642,0
2024-07-15,FL,732,208174.44,284.39,22900000,257594,1869.46,123696,890.61,172534,1944.78,6928,99.887,0.1526,0
2024-07-15,NY,715,208430.73,291.51,19600000,261419,1865.29,125954,906.87,172344,1942.04,7361,98.707,0.1731,0
2024-07-22,CA,1010,287178.54,284.34,39000000,370668,2671.96,165295,1190.12,239844,2708.49,9315,98.264,0.1459,0
2024-07-22,TX,854,252887.74,296.12,30500000,276974,2033.83,161254,1161.03,205817,2314.6,7636,98.596,0.1443,0
2024-07-22,FL,732,219037.7,299.23,22900000,242966,1748.07,125661,904.76,170630,1934.85,6514,98.39,0.1421,0
2024-07-22,NY,798,233544.51,292.66,19600000,269645,1978.73,133478,961.04,172585,1966.25,7137,99.306,0.1333,0
2024-07-29,CA,1029,301257.67,292.77,39000000,342734,2446.87,190731,1373.26,222033,2506.33,8697,98.601,0.134,0
2024-07-29,TX,869,260725.08,300.03,30500000,260905,1889.86,155805,1121.79,199721,2269.94,7365,98.991,0.1274,0
2024-07-29,FL,719,212936.49,296.16,22900000,258610,1862.47,115808,833.82,187051,2115.11,6510,98.918,0.1271,0
2024-07-29,NY,762,229230.5,300.83,19600000,256778,1844.63,137310,988.63,193791,2189.95,7241,98.868,0.1372,0
2024-08-05,CA,1094,331965.04,303.44,39000000,373109,2737.8,198993,1432.75,261670,2970.01,10595,99.702,0.131,0
2024-08-05,TX,965,290680.93,301.22,30500000,353364,2565.95,165077,1188.55,214917,2431.52,8510,97.606,0.1346,0
2024-08-05,FL,791,229823.08,290.55,22900000,297016,2147.96,139813,1006.66,192446,2192.1,6907,98.896,0.1308,0
2024-08-05,NY,844,243146.53,288.09,19600000,292666,2120.47,140407,1010.93,207833,2348.88,7295,98.474,0.1343,0
2024-08-12,CA,1117,325585.35,291.48,39000000,350986,2561.84,194785,1402.45,247881,2810.24,10019,97.285,0.1132,0
2024-08-12,TX,977,293136.42,300.04,30500000,344088,2510.15,169580,1220.98,228393,2586.64,9045,98.179,0.1126,0
2024-08-12,FL,811,241765.91,298.11,22900000,281688,2061.74,138389,996.4,195322,2213.37,7454,97.346,0.1122,0
2024-08-12,NY,816,238902.43,292.77,19600000,283311,2094.38,144699,1041.83,193023,2192.42,7993,97.268,0.1191,0
2024-08-19,CA,1146,336182.34,293.35,39000000,382411,2741.64,193724,1394.81,254704,2871.74,10765,98.681,0.094,0
2024-08-19,TX,954,273770.24,286.97,30500000,322900,2377.11,158637,1142.19,218151,2482.72,8420,98.29,0.0771,0
2024-08-19,FL,802,241321.49,300.9,22900000,276646,2034.11,142835,1028.42,187710,2119.23,6972,97.708,0.0866,0
2024-08-19,NY,818,243974.18,298.26,19600000,283717,2054.63,126053,907.58,199216,2246.21,7251,99.303,0.0997,0
2024-08-26,CA,1153,348040.57,301.86,39000000,390039,2794.89,197460,1421.71,261536,2960.68,10664,98.305,0.0906,0
2024-08-26,TX,952,272455.28,286.19,30500000,302227,2208.69,180444,1299.2,210595,2399.18,8065,98.248,0.0942,0
2024-08-26,FL,769,223271.43,290.34,22900000,286908,2081.78,128194,923.0,193572,2172.34,7410,99.153,0.07,0
2024-08-26,NY,860,253989.15,295.34,19600000,277224,2020.74,155579,1120.17,185839,2104.52,7343,97.203,0.0849,0
2024-09-02,CA,1167,336336.81,288.21,39000000,406098,2936.6,189853,1366.94,246623,2808.62,9413,97.942,0.0747,0
2024-09-02,TX,912,269258.19,295.24,30500000,298356,2179.18,177628,1278.92,208739,2365.23,7878,97.602,0.0864,0
2024-09-02,FL,727,215111.61,295.89,22900000,272812,1963.99,125384,902.76,172932,1963.99,7544,98.13,0.0634,0
2024-09-02,NY,840,249911.3,297.51,19600000,276731,1968.93,150226,1081.63,198930,2253.88,7323,97.537,0.0807,0
2024-09-09,CA,1099,311319.76,283.28,39000000,379615,2730.5,211506,1522.84,255265,2902.78,10324,98.675,0.0564,0
2024-09-09,TX,955,282168.89,295.46,30500000,329926,2402.75,154863,1115.01,213584,2413.36,8870,97.607,0.0803,0
2024-09-09,FL,800,233082.28,291.35,22900000,272565,1958.71,149005,1072.83,178048,2021.47,7132,97.376,0.0864,0
2024-09-09,NY,776,224726.73,289.6,19600000,258942,1882.04,134686,969.74,187425,2121.11,7435,97.404,0.0812,0
2024-09-16,CA,1163,342583.08,294.57,39000000,387502,2794.03,176935,1273.93,243163,2757.97,9743,96.777,0.0657,0
2024-09-16,TX,892,266781.71,299.08,30500000,294316,2139.42,178965,1288.55,202549,2287.36,8460,98.598,0.0576,0
2024-09-16,FL,757,221342.42,292.39,22900000,279351,2016.04,121658,875.94,193618,2182.41,7385,97.287,0.0852,0
2024-09-16,NY,806,229650.22,284.93,19600000,282672,2089.15,144592,1041.06,199416,2244.56,7616,98.436,0.0779,0
2024-09-23,CA,1085,319606.42,294.57,39000000,346659,2503.72,190231,1369.66,269899,3058.16,10389,96.42,0.0564,0
2024-09-23,TX,961,282251.54,293.71,30500000,320419,2329.94,171135,1232.17,218358,2479.09,8568,96.6,0.0854,0
2024-09-23,FL,787,230642.6,293.07,22900000,259720,1865.91,138233,995.28,189631,2132.56,6715,98.69,0.0895,0
2024-09-23,NY,806,233495.79,289.7,19600000,244608,1780.04,140041,1008.3,189656,2152.71,7181,97.572,0.0818,0
2024-09-30,CA,1379,387307.79,280.86,39000000,423026,3043.78,200346,1442.49,294572,3305.13,11372,98.462,0.0891,1
2024-09-30,TX,1116,320866.21,287.51,30500000,339214,2504.96,176907,1273.73,246562,2776.74,9314,97.916,0.0853,1
2024-09-30,FL,944,277856.1,294.34,22900000,287987,2086.2,166797,1200.94,202050,2294.39,7704,96.625,0.0542,1
2024-09-30,NY,916,268698.05,293.34,19600000,290813,2123.43,146899,1057.67,200794,2265.47,8031,97.034,0.0893,1
2024-10-07,CA,981,279720.04,285.14,39000000,343233,2462.35,152655,1099.12,238421,2699.45,9518,97.085,0.0698,0
2024-10-07,TX,830,235505.17,283.74,30500000,263629,1904.28,133218,959.17,185280,2100.6,7109,96.957,0.0686,0
2024-10-07,FL,688,198546.66,288.59,22900000,240012,1761.99,130888,942.39,169567,1927.67,6700,97.505,0.0624,0
2024-10-07,NY,771,221044.66,286.7,19600000,252600,1803.66,122991,885.53,166394,1878.21,6709,97.193,0.0815,0
2024-10-14,CA,963,267924.15,278.22,39000000,328350,2414.45,190480,1371.45,230001,2610.86,8737,98.093,0.0761,0
2024-10-14,TX,812,228646.83,281.58,30500000,285157,2087.17,152938,1101.15,190268,2160.24,7093,97.491,0.1026,0
2024-10-14,FL,707,204022.55,288.58,22900000,243141,1792.28,136393,982.03,147046,1663.46,6180,98.431,0.0956,0
2024-10-14,NY,738,208343.89,282.31,19600000,236230,1693.03,127381,917.14,175417,1985.1,6866,97.297,0.0821,0
2024-10-21,CA,983,286558.57,291.51,39000000,314674,2310.65,156293,1125.31,239513,2716.33,9546,98.002,0.0804,0
2024-10-21,TX,875,245439.11,280.5,30500000,291344,2107.09,152194,1095.8,200244,2275.97,7597,96.844,0.114,0
2024-10-21,FL,726,210645.68,290.15,22900000,249244,1839.56,130701,941.05,167140,1891.53,6474,97.589,0.0972,0
2024-10-21,NY,683,196565.7,287.8,19600000,246148,1755.35,129660,933.56,174515,1984.19,6646,98.612,0.1029,0
2024-10-28,CA,989,279805.64,282.92,39000000,324801,2395.76,178306,1283.81,246935,2810.37,9357,98.327,0.1259,0
2024-10-28,TX,821,229250.69,279.23,30500000,295329,2146.69,133786,963.26,201320,2267.81,7525,98.396,0.0979,0
2024-10-28,FL,746,216876.05,290.72,22900000,249146,1780.5,120497,867.58,172932,1960.53,6116,98.42,0.1157,0
2024-10-28,NY,729,199547.89,273.73,19600000,265965,1916.83,127066,914.88,181257,2045.92,6927,99.011,0.0966,0
2024-11-04,CA,1340,377580.75,281.78,39000000,457345,3287.19,245675,1768.86,292050,3319.79,11616,98.358,0.133,0
2024-11-04,TX,1099,304774.16,277.32,30500000,403524,2922.65,208374,1500.3,240382,2725.5,9283,97.976,0.1161,0
2024-11-04,FL,961,266688.89,277.51,22900000,334402,2435.31,177430,1277.49,231608,2602.69,8324,97.072,0.1336,0
2024-11-04,NY,958,262383.76,273.89,19600000,361962,2634.36,170384,1226.76,240560,2724.26,8544,98.014,0.107,0
2024-11-11,CA,1295,367773.13,283.99,39000000,408461,2985.96,227673,1639.24,294380,3340.62,11446,97.272,0.1272,0
2024-11-11,TX,1102,305642.52,277.35,30500000,367306,2614.69,202127,1455.32,241732,2733.35,9991,99.257,0.1163,0
2024-11-11,FL,890,249896.26,280.78,22900000,316141,2265.81,163566,1177.67,199105,2254.15,8417,98.713,0.1146,0
2024-11-11,NY,941,256721.49,272.82,19600000,354089,2583.4,158706,1142.68,235595,2643.09,8623,99.029,0.1393,0
2024-11-18,CA,1573,448343.83,285.02,39000000,481972,3498.89,236385,1701.97,353245,3992.83,12487,98.371,0.1489,1
2024-11-18,TX,1300,362337.02,278.72,30500000,395621,2892.32,183128,1318.52,296783,3360.17,11287,97.397,0.1487,1
2024-11-18,FL,1072,296067.28,276.18,22900000,355644,2615.87,179335,1291.21,247057,2806.93,9271,97.686,0.1282,1
2024-11-18,NY,1175,332167.31,282.7,19600000,374564,2763.08,204700,1473.84,261026,2956.3,10242,97.327,0.1333,1
2024-11-25,CA,1566,445359.83,284.39,39000000,526423,3870.87,249165,1793.99,321725,3633.33,14063,99.122,0.1536,1
2024-11-25,TX,1344,375591.2,279.46,30500000,412469,3044.51,190218,1369.57,304776,3444.19,10709,99.327,0.1541,1
2024-11-25,FL,1095,300300.51,274.25,22900000,366080,2674.54,197765,1423.91,237324,2683.99,9854,99.577,0.1571,1
2024-11-25,NY,1145,324555.14,283.45,19600000,375274,2700.06,205844,1482.07,260348,2930.84,9811,98.345,0.1599,1
2024-12-02,CA,1454,401202.57,275.93,39000000,475291,3444.95,271187,1952.55,349735,3929.18,13624,100.018,0.1749,0
2024-12-02,TX,1154,332344.69,287.99,30500000,395330,2890.37,222410,1601.36,276574,3129.05,10622,99.77,0.1523,0
2024-12-02,FL,1004,275979.22,274.88,22900000,340909,2492.13,162792,1172.11,243567,2743.8,9400,99.669,0.1507,0
2024-12-02,NY,1069,296181.3,277.06,19600000,368356,2694.92,177216,1275.96,246074,2781.36,10296,98.774,0.15,0
2024-12-09,CA,1406,404734.72,287.86,39000000,497913,3667.98,235927,1698.67,315599,3574.83,14089,99.389,0.1588,0
2024-12-09,TX,1192,339848.89,285.11,30500000,403068,2883.25,186829,1345.17,276620,3131.14,10747,99.294,0.1544,0
2024-12-09,FL,1054,307645.8,291.88,22900000,376715,2758.73,200970,1446.98,257608,2921.88,9839,99.287,0.1636,0
2024-12-09,NY,1071,300798.89,280.86,19600000,376670,2751.25,205782,1481.63,256930,2917.32,9888,98.701,0.1718,0
2024-12-16,CA,1521,419304.86,275.68,39000000,480206,3471.42,270380,1946.74,333191,3785.62,13287,99.176,0.1713,0
2024-12-16,TX,1234,355009.6,287.69,30500000,407017,2931.41,193491,1393.14,279823,3156.62,11742,100.435,0.1626,0
2024-12-16,FL,1038,291797.9,281.12,22900000,374864,2748.28,201676,1452.07,249603,2829.0,9260,100.512,0.1781,0
2024-12-16,NY,1094,313354.98,286.43,19600000,403468,2943.9,175987,1267.1,257356,2904.62,9651,99.386,0.1549,0
2024-12-23,CA,1500,440859.01,293.91,39000000,497857,3561.96,273106,1966.36,361400,4106.99,12853,100.378,0.1799,0
2024-12-23,TX,1232,347075.45,281.72,30500000,418559,2980.52,226721,1632.39,266724,3023.05,11844,100.325,0.1887,0
2024-12-23,FL,1069,297421.38,278.22,22900000,361816,2672.35,180340,1298.45,254386,2888.91,9355,100.666,0.1567,0
2024-12-23,NY,1122,319110.87,284.41,19600000,367343,2694.34,183645,1322.25,277268,3137.22,10544,100.1,0.1648,0
2024-12-30,CA,1854,525453.86,283.42,39000000,609066,4450.85,304858,2194.97,410894,4649.07,14178,99.717,0.1656,1
2024-12-30,TX,1465,424279.17,289.61,30500000,454163,3272.92,261785,1884.85,317642,3590.27,13321,100.573,0.1552,1
2024-12-30,FL,1255,360751.79,287.45,22900000,416294,3053.6,181381,1305.94,280006,3176.49,10345,100.015,0.1827,1
2024-12-30,NY,1299,374866.77,288.58,19600000,441607,3240.86,222129,1599.33,286363,3243.62,11528,100.819,0.1487,1
2025-01-06,CA,1148,340979.72,297.02,39000000,389794,2806.26,186768,1344.73,261812,2972.25,10418,99.159,0.1514,0
2025-01-06,TX,919,272862.47,296.91,30500000,294085,2145.9,146819,1057.1,214754,2440.64,8388,100.856,0.1756,0
2025-01-06,FL,812,240246.07,295.87,22900000,264260,1922.74,148733,1070.88,200320,2270.19,6913,99.314,0.1764,0
2025-01-06,NY,827,240795.55,291.17,19600000,269158,1932.75,143311,1031.84,189523,2142.53,7374,100.732,0.1454,0
2025-01-13,CA,1124,330795.43,294.3,39000000,355360,2607.71,210814,1517.86,276836,3140.04,10212,100.168,0.1497,0
2025-01-13,TX,914,262657.06,287.37,30500000,336502,2453.62,145613,1048.41,242454,2739.36,8571,100.2,0.1657,0
2025-01-13,FL,848,241636.51,284.95,22900000,298886,2178.27,151161,1088.36,184861,2092.36,7312,99.78,0.1598,0
2025-01-13,NY,862,245351.71,284.63,19600000,303036,2219.01,155664,1120.78,217287,2451.52,7572,100.22,0.1642,0
2025-01-20,CA,1137,336119.21,295.62,39000000,399521,2877.4,199993,1439.95,268770,3047.51,9920,101.503,0.1301,0
2025-01-20,TX,962,281830.98,292.96,30500000,341963,2476.96,173301,1247.77,225509,2542.23,8610,101.904,0.1485,0
2025-01-20,FL,837,243105.22,290.45,22900000,273894,1980.23,140998,1015.19,195477,2215.65,7546,101.511,0.1568,0
2025-01-20,NY,867,252556.62,291.3,19600000,297236,2133.35,148686,1070.54,210906,2379.67,7725,101.163,0.1413,0
2025-01-27,CA,1094,313194.15,286.28,39000000,386170,2837.91,193085,1390.21,259966,2932.89,10720,102.136,0.151,0
2025-01-27,TX,954,271151.11,284.23,30500000,317455,2270.24,157045,1130.73,226232,2569.19,8491,101.831,0.1454,0
2025-01-27,FL,765,231002.32,301.96,22900000,257115,1876.79,149163,1073.98,201190,2263.48,7579,100.695,0.1185,0
2025-01-27,NY,784,230561.41,294.08,19600000,278253,2000.75,149504,1076.43,213196,2404.49,7236,100.855,0.1496,0
2025-02-03,CA,1087,324867.03,298.87,39000000,400736,2886.33,191275,1377.18,292315,3299.82,10421,100.507,0.1203,0
2025-02-03,TX,989,288154.99,291.36,30500000,327288,2432.76,149094,1073.47,222899,2528.09,8304,100.393,0.1326,0
2025-02-03,FL,815,246357.58,302.28,22900000,258923,1886.87,138182,994.91,199810,2261.98,7797,101.63,0.1194,0
2025-02-03,NY,817,237735.83,290.99,19600000,276862,2018.08,142897,1028.86,210167,2368.6,7253,101.469,0.1299,0
2025-02-10,CA,1185,343584.97,289.95,39000000,416220,3019.35,208894,1504.04,261602,2958.64,10232,102.498,0.1132,0
2025-02-10,TX,969,293992.3,303.4,30500000,344715,2499.24,169438,1219.95,226871,2576.9,8866,101.276,0.1148,0
2025-02-10,FL,867,259690.35,299.53,22900000,295031,2159.83,143050,1029.96,194204,2205.25,7075,101.887,0.1098,0
2025-02-10,NY,852,257275.51,301.97,19600000,267376,1935.99,140146,1009.05,211278,2373.86,7524,102.79,0.1209,0
2025-02-17,CA,1175,347926.11,296.11,39000000,383443,2787.34,184450,1328.04,297279,3361.0,11172,102.122,0.1094,0
2025-02-17,TX,924,265482.64,287.32,30500000,330424,2413.54,172312,1240.65,226646,2567.28,9398,102.113,0.0885,0
2025-02-17,FL,897,264972.87,295.4,22900000,287060,2083.97,160365,1154.63,206663,2342.04,7254,102.615,0.1156,0
2025-02-17,NY,904,267529.24,295.94,19600000,289643,2137.56,143124,1030.49,202245,2299.21,7484,102.464,0.0852,0
2025-02-24,CA,1142,331602.19,290.37,39000000,402316,2930.55,193448,1392.83,264476,2994.66,10197,102.89,0.0678,0
2025-02-24,TX,1021,294230.18,288.18,30500000,366207,2674.92,163368,1176.25,228519,2594.0,9201,100.945,0.0883,0
2025-02-24,FL,816,239575.03,293.6,22900000,294452,2170.42,133276,959.59,207536,2338.72,7204,100.859,0.088,0
2025-02-24,NY,869,253987.82,292.28,19600000,317252,2291.18,166735,1200.49,192155,2169.27,8220,102.462,0.0722,0
2025-03-03,CA,1198,356095.64,297.24,39000000,366131,2646.71,226517,1630.92,273083,3103.94,11422,102.675,0.0785,0
2025-03-03,TX,1010,294742.23,291.82,30500000,354878,2579.46,175324,1262.33,230317,2612.28,9138,102.665,0.0626,0
2025-03-03,FL,835,249419.57,298.71,22900000,309020,2258.22,160352,1154.54,200937,2271.4,7574,101.31,0.0739,0
2025-03-03,NY,924,273810.18,296.33,19600000,313427,2307.57,149660,1077.55,214769,2419.34,8075,101.459,0.0868,0
2025-03-10,CA,1182,353265.67,298.87,39000000,371014,2676.88,224525,1616.58,294596,3331.57,11033,102.768,0.0824,0
2025-03-10,TX,1005,292257.9,290.8,30500000,310411,2249.54,190044,1368.32,226762,2580.35,8886,102.023,0.0864,0
2025-03-10,FL,884,258273.72,292.16,22900000,313973,2284.4,146139,1052.2,199660,2267.31,8040,102.639,0.0611,0
2025-03-10,NY,879,264334.24,300.72,19600000,312633,2278.05,157771,1135.95,207203,2347.36,7572,101.965,0.0807,0
2025-03-17,CA,1100,311536.89,283.22,39000000,429815,3126.06,201345,1449.69,297749,3378.44,11283,102.292,0.0684,0
2025-03-17,TX,988,278968.66,282.36,30500000,346666,2558.9,186196,1340.61,235219,2676.12,9375,103.495,0.0598,0
2025-03-17,FL,843,249925.52,296.47,22900000,303083,2221.26,159259,1146.67,197306,2221.56,7804,102.78,0.0682,0
2025-03-17,NY,939,280711.07,298.95,19600000,304114,2260.58,162818,1172.29,228233,2581.35,8286,102.3,0.0702,0
2025-03-24,CA,1222,344044.02,281.54,39000000,409232,2964.38,229156,1649.92,305342,3438.45,10687,103.137,0.0652,0
2025-03-24,TX,1049,299807.36,285.8,30500000,345010,2528.09,173307,1247.81,248724,2815.02,9298,102.671,0.0865,0
2025-03-24,FL,833,235414.57,282.61,22900000,289174,2137.72,160368,1154.65,197423,2231.03,7490,102.438,0.0523,0
2025-03-24,NY,882,250268.53,283.75,19600000,285898,2086.89,141839,1021.24,212824,2391.43,7779,102.14,0.0661,0
2025-03-31,CA,1492,419762.33,281.34,39000000,475970,3497.18,248601,1789.93,352231,3985.58,12006,101.611,0.0767,1
2025-03-31,TX,1220,358644.94,293.97,30500000,404693,2940.95,203212,1463.13,268542,3016.22,10038,103.539,0.0607,1
2025-03-31,FL,996,291632.74,292.8,22900000,303549,2200.6,144595,1041.08,228021,2575.88,8903,103.553,0.0653,1
2025-03-31,NY,1105,315156.58,285.21,19600000,338555,2462.62,166710,1200.31,243444,2739.55,9164,103.27,0.09,1
2025-04-07,CA,1218,350188.63,287.51,39000000,431872,3180.06,187214,1347.94,290765,3275.8,10853,101.678,0.0651,0
2025-04-07,TX,956,281045.6,293.98,30500000,337734,2400.17,178363,1284.22,226600,2572.44,8605,103.126,0.0831,0
2025-04-07,FL,876,248937.82,284.18,22900000,265993,1947.49,161926,1165.87,198840,2259.07,7778,102.627,0.0949,0
2025-04-07,NY,846,246315.61,291.15,19600000,305911,2213.55,143332,1031.99,212792,2402.89,8000,102.848,0.0771,0
2025-04-14,CA,1212,345126.3,284.76,39000000,392732,2840.23,222678,1603.28,293932,3324.2,11559,101.307,0.0843,0
2025-04-14,TX,965,280695.24,290.88,30500000,351939,2518.15,175338,1262.43,233150,2638.32,9088,103.384,0.0872,0
2025-04-14,FL,839,240406.83,286.54,22900000,300691,2158.65,160883,1158.36,201756,2288.29,7748,101.235,0.0794,0
2025-04-14,NY,893,252860.57,283.16,19600000,300313,2178.36,155116,1116.83,199628,2259.39,7596,102.691,0.0973,0
2025-04-21,CA,1195,328036.66,274.51,39000000,413089,2970.93,198958,1432.5,270516,3071.16,11313,102.738,0.0843,0
2025-04-21,TX,1034,284432.22,275.08,30500000,353102,2600.3,185315,1334.27,247680,2792.71,9270,101.383,0.1044,0
2025-04-21,FL,869,246558.14,283.73,22900000,286224,2043.55,153396,1104.45,182084,2057.4,7634,102.316,0.0829,0
2025-04-21,NY,875,243626.17,278.43,19600000,269240,1961.91,163703,1178.66,211260,2389.41,8487,101.929,0.0798,0
2025-04-28,CA,1214,349060.13,287.53,39000000,410866,2997.54,188644,1358.24,289620,3256.35,11584,103.049,0.0896,0
2025-04-28,TX,1034,300014.92,290.15,30500000,363726,2644.89,162350,1168.92,217865,2476.03,8886,102.107,0.103,0
2025-04-28,FL,794,229630.99,289.21,22900000,280108,2070.94,153467,1104.96,190178,2154.42,7528,101.603,0.122,0
2025-04-28,NY,899,252090.77,280.41,19600000,297570,2158.3,135460,975.31,223465,2527.02,8426,101.599,0.1041,0
2025-05-05,CA,1250,343374.55,274.7,39000000,429347,3123.23,221713,1596.33,292101,3294.78,10264,101.188,0.1311,0
2025-05-05,TX,1006,284067.12,282.37,30500000,329786,2415.42,181356,1305.76,247991,2809.06,9233,103.126,0.1014,0
2025-05-05,FL,868,240390.61,276.95,22900000,295475,2118.08,156054,1123.59,197967,2248.39,7411,102.728,0.1327,0
2025-05-05,NY,857,245346.75,286.29,19600000,291510,2111.0,150215,1081.55,218205,2451.82,7851,102.154,0.1205,0
2025-05-12,CA,1195,331886.05,277.73,39000000,436380,3166.48,230029,1656.21,300433,3393.56,11003,102.104,0.1176,0
2025-05-12,TX,983,282948.71,287.84,30500000,332350,2379.54,190514,1371.7,238051,2684.52,9335,101.677,0.1349,0
2025-05-12,FL,872,249989.14,286.68,22900000,280919,2003.97,135201,973.45,219645,2482.58,7393,100.777,0.1263,0
2025-05-12,NY,869,249195.49,286.76,19600000,307544,2236.31,140308,1010.22,192666,2187.9,7663,101.101,0.1452,0
2025-05-19,CA,1211,348762.54,288.0,39000000,402278,2969.05,228141,1642.62,255431,2892.28,10323,100.688,0.1478,0
2025-05-19,TX,998,281883.91,282.45,30500000,351248,2581.82,176093,1267.87,224669,2530.85,9177,101.162,0.1463,0
2025-05-19,FL,837,236824.54,282.94,22900000,288032,2089.98,140198,1009.43,203057,2298.77,7217,102.153,0.1308,0
2025-05-19,NY,877,241071.05,274.88,19600000,301309,2159.27,149697,1077.82,209141,2363.05,8317,101.188,0.1239,0
2025-05-26,CA,1151,319938.63,277.97,39000000,423690,3085.24,191456,1378.48,275814,3113.9,10466,101.967,0.1713,0
2025-05-26,TX,979,280185.19,286.2,30500000,350166,2558.96,156206,1124.68,229744,2593.47,9450,101.062,0.1643,0
2025-05-26,FL,802,231862.77,289.11,22900000,285247,2112.49,127560,918.43,205372,2311.39,7861,102.505,0.1438,0
2025-05-26,NY,868,245830.91,283.22,19600000,290795,2136.09,136925,985.86,207234,2358.4,7752,100.185,0.1443,0
2025-06-02,CA,1148,331825.23,289.05,39000000,400943,2970.0,183437,1320.74,283862,3213.08,10794,101.057,0.142,0
2025-06-02,TX,1007,277148.34,275.22,30500000,342392,2472.15,154353,1111.34,229367,2587.23,8941,99.93,0.1618,0
2025-06-02,FL,847,231147.71,272.9,22900000,298590,2174.05,159983,1151.87,193174,2189.75,7449,100.97,0.1613,0
2025-06-02,NY,926,262612.34,283.6,19600000,292350,2162.18,159923,1151.45,190163,2155.03,7885,102.093,0.1578,0
2025-06-09,CA,1210,339737.64,280.77,39000000,408683,2963.83,186215,1340.75,256842,2918.27,11022,100.193,0.153,0
2025-06-09,TX,977,277071.13,283.59,30500000,324623,2369.5,169348,1219.3,242514,2751.23,8473,101.429,0.1486,0
2025-06-09,FL,868,252852.62,291.3,22900000,284290,2033.81,138588,997.84,202795,2279.61,7758,100.311,0.1779,0
2025-06-09,NY,880,250006.63,284.1,19600000,278118,2037.28,133221,959.19,192055,2168.5,8006,101.688,0.1734,0
2025-06-16,CA,1159,334977.1,289.02,39000000,383604,2776.03,213493,1537.15,284096,3189.49,10847,100.129,0.178,0
2025-06-16,TX,969,268306.16,276.89,30500000,331219,2374.16,146843,1057.27,236490,2667.0,9275,100.112,0.1591,0
2025-06-16,FL,831,239278.28,287.94,22900000,269229,1942.74,141813,1021.05,195656,2212.66,7071,100.022,0.1795,0
2025-06-16,NY,839,237927.44,283.58,19600000,292844,2170.46,159180,1146.09,205246,2310.51,7667,100.705,0.1869,0
2025-06-23,CA,1179,327210.7,277.53,39000000,430254,3138.68,190705,1373.08,280431,3169.21,10467,100.513,0.1886,0
2025-06-23,TX,938,273320.0,291.39,30500000,311707,2263.88,174980,1259.86,219667,2490.76,8280,100.828,0.1883,0
2025-06-23,FL,811,237032.05,292.27,22900000,272583,1999.34,146917,1057.8,192419,2186.07,7197,100.002,0.1791,0
2025-06-23,NY,943,266306.44,282.4,19600000,296429,2124.24,146681,1056.11,196355,2216.14,7397,99.323,0.1578,0
2025-06-30,CA,1365,383341.64,280.84,39000000,453875,3271.18,199812,1438.64,276265,3114.61,11020,99.549,0.1793,1
2025-06-30,TX,1134,319654.48,281.88,30500000,363200,2660.82,201765,1452.71,233530,2631.76,8864,98.967,0.1654,1
2025-06-30,FL,1004,294037.01,292.87,22900000,306788,2271.66,162358,1168.98,220268,2486.33,8461,99.544,0.1578,1
2025-06-30,NY,1040,306218.69,294.44,19600000,312310,2262.9,162473,1169.81,222283,2506.3,7948,100.859,0.1618,1
2025-07-07,CA,1083,319537.02,295.05,39000000,375706,2780.91,172275,1240.38,254760,2871.28,10234,100.423,0.1428,0
2025-07-07,TX,936,278792.85,297.86,30500000,306426,2249.11,167582,1206.59,227561,2564.52,8262,99.209,0.1412,0
2025-07-07,FL,773,220369.5,285.08,22900000,257472,1852.5,123441,888.78,209177,2366.46,7330,99.852,0.1419,0
2025-07-07,NY,783,226012.37,288.65,19600000,262255,1887.1,137130,987.33,194152,2203.44,7738,100.437,0.1696,0
2025-07-14,CA,1144,332321.69,290.49,39000000,365029,2672.08,197794,1424.11,281616,3184.9,10442,100.592,0.1357,0
2025-07-14,TX,948,274533.21,289.59,30500000,339719,2456.94,168204,1211.07,230202,2605.12,8198,98.799,0.1661,0
2025-07-14,FL,791,225903.85,285.59,22900000,267840,1937.33,134481,968.27,197060,2221.42,6852,99.427,0.1637,0
2025-07-14,NY,877,258065.68,294.26,19600000,302339,2186.0,147316,1060.67,198214,2234.66,7495,100.219,0.1716,0
2025-07-21,CA,1102,332415.51,301.65,39000000,345930,2519.4,206616,1487.64,252814,2874.9,9813,98.746,0.1428,0
2025-07-21,TX,897,255592.59,284.94,30500000,315248,2277.03,157625,1134.9,219087,2470.7,8561,98.163,0.1302,0
2025-07-21,FL,776,221324.77,285.21,22900000,255432,1877.09,125119,900.85,187958,2117.82,7515,99.022,0.1627,0
2025-07-21,NY,876,253042.0,288.86,19600000,274144,2022.62,155784,1121.64,186877,2129.87,7686,99.793,0.1251,0
2025-07-28,CA,1151,345423.11,300.11,39000000,396497,2887.63,175495,1263.57,283406,3201.59,9933,98.405,0.1324,0
2025-07-28,TX,972,280182.93,288.25,30500000,307138,2258.58,145405,1046.92,209493,2367.94,8008,98.361,0.1144,0
2025-07-28,FL,846,254940.42,301.35,22900000,263640,1885.54,136509,982.86,204234,2306.63,6885,99.197,0.1188,0
2025-07-28,NY,790,237854.51,301.08,19600000,254664,1860.47,151886,1093.58,189132,2139.85,7531,99.549,0.126,0
2025-08-04,CA,1293,389412.47,301.17,39000000,414796,3040.76,227271,1636.35,301019,3392.63,10721,99.666,0.1171,0
2025-08-04,TX,1038,299323.12,288.37,30500000,335041,2410.45,189684,1365.73,238925,2708.9,9084,99.011,0.1121,0
2025-08-04,FL,911,268803.46,295.06,22900000,300461,2147.57,166264,1197.1,212238,2395.9,7692,97.952,0.1137,0
2025-08-04,NY,905,264925.75,292.74,19600000,332031,2406.45,137827,992.35,211310,2390.4,8003,99.592,0.103,0
2025-08-11,CA,1208,360619.27,298.53,39000000,410458,3014.86,210383,1514.76,294934,3318.83,10863,97.724,0.0957,0
2025-08-11,TX,1000,287745.26,287.75,30500000,332495,2435.38,168564,1213.66,241954,2737.61,9211,97.786,0.1009,0
2025-08-11,FL,889,256525.28,288.55,22900000,309343,2247.89,135269,973.94,204620,2316.46,7592,97.545,0.1113,0
2025-08-11,NY,878,263995.97,300.68,19600000,337126,2450.01,140883,1014.36,210582,2364.19,7850,99.589,0.1264,0
2025-08-18,CA,1186,358607.03,302.37,39000000,413343,3006.51,235175,1693.26,306630,3465.15,11302,98.283,0.103,0
2025-08-18,TX,977,284977.79,291.69,30500000,356977,2601.8,154862,1115.01,227668,2566.49,8609,99.222,0.0905,0
2025-08-18,FL,765,227110.29,296.88,22900000,274307,2005.32,133416,960.59,211095,2398.23,8151,98.156,0.1017,0
2025-08-18,NY,873,255359.54,292.51,19600000,301038,2219.04,172613,1242.81,208693,2368.77,8493,98.749,0.1059,0
2025-08-25,CA,1123,332431.0,296.02,39000000,373157,2697.5,199288,1434.87,308165,3479.47,11013,98.711,0.0746,0
2025-08-25,TX,998,303292.02,303.9,30500000,324941,2391.06,188275,1355.58,240589,2716.93,9255,97.343,0.0939,0
2025-08-25,FL,900,264854.57,294.28,22900000,315648,2289.63,146016,1051.32,211586,2384.36,7514,98.398,0.098,0
2025-08-25,NY,922,269561.85,292.37,19600000,304356,2250.13,163021,1173.75,210291,2366.64,8114,97.66,0.0868,0
2025-09-01,CA,1178,346302.1,293.97,39000000,405578,2890.04,199253,1434.62,275178,3124.71,10181,98.652,0.0777,0
2025-09-01,TX,1026,293735.35,286.29,30500000,345526,2513.86,166698,1200.22,235480,2663.81,8706,97.458,0.0618,0
2025-09-01,FL,839,238519.65,284.29,22900000,278086,2026.72,158556,1141.6,196964,2221.71,7974,96.73,0.0717,0
2025-09-01,NY,904,263833.42,291.85,19600000,325057,2366.05,167241,1204.13,225926,2554.26,8329,97.464,0.0591,0
2025-09-08,CA,1162,347504.41,299.06,39000000,412531,2997.51,230314,1658.26,270446,3061.0,11372,97.701,0.0758,0
2025-09-08,TX,980,293653.35,299.65,30500000,299487,2177.29,182701,1315.44,215449,2430.15,9589,96.839,0.0722,0
2025-09-08,FL,832,241160.87,289.86,22900000,275278,2001.15,154757,1114.25,201728,2283.51,7943,97.614,0.0723,0
2025-09-08,NY,858,245811.88,286.49,19600000,273737,1988.07,167003,1202.42,213330,2406.12,8025,97.255,0.0798,0
2025-09-15,CA,1219,355209.51,291.39,39000000,392886,2824.47,225366,1622.63,279397,3176.54,10859,96.726,0.0858,0
2025-09-15,TX,1048,297000.94,283.4,30500000,330918,2393.48,183135,1318.57,232479,2618.41,8666,97.295,0.0891,0
2025-09-15,FL,829,244452.93,294.88,22900000,315183,2280.02,163838,1179.63,192684,2176.67,7642,98.713,0.0852,0
2025-09-15,NY,891,266530.75,299.14,19600000,275856,1991.65,168922,1216.24,218813,2473.62,7714,98.54,0.0681,0
2025-09-22,CA,1183,344493.88,291.2,39000000,390381,2814.45,194719,1401.98,293202,3328.63,10894,98.654,0.0539,0
2025-09-22,TX,1035,305066.15,294.75,30500000,336580,2444.18,184676,1329.67,238235,2680.53,8464,96.751,0.0692,0
2025-09-22,FL,790,229426.23,290.41,22900000,293288,2168.52,150111,1080.8,196390,2221.79,7546,98.397,0.0799,0
2025-09-22,NY,871,251168.45,288.37,19600000,304784,2220.55,168943,1216.39,208430,2349.98,8303,97.827,0.0898,0
2025-09-29,CA,1392,401980.56,288.78,39000000,454124,3324.66,204964,1475.74,300964,3409.03,12000,97.587,0.0827,1
2025-09-29,TX,1184,347422.31,293.43,30500000,342033,2496.45,185163,1333.17,270885,3048.06,9579,97.487,0.0831,1
2025-09-29,FL,1051,296860.84,282.46,22900000,326092,2373.9,167314,1204.66,219864,2494.22,8354,97.118,0.0666,1
2025-09-29,NY,1091,321103.85,294.32,19600000,350676,2555.19,162355,1168.96,215455,2431.69,9316,96.911,0.0839,1
2025-10-06,CA,1061,309163.61,291.39,39000000,370504,2728.17,192883,1388.76,242812,2734.63,9097,98.407,0.0816,0
2025-10-06,TX,936,271973.11,290.57,30500000,308497,2214.67,139580,1004.98,215112,2427.06,7828,97.342,0.0815,0
2025-10-06,FL,794,223699.15,281.74,22900000,283951,2066.38,133226,959.23,190477,2153.77,6829,98.177,0.0912,0
2025-10-06,NY,761,212732.06,279.54,19600000,266346,1965.66,126194,908.6,187626,2114.23,6876,96.457,0.0795,0
2025-10-13,CA,1003,281970.39,281.13,39000000,346319,2542.29,178260,1283.47,245461,2797.41,9141,96.487,0.0952,0
2025-10-13,TX,908,259715.72,286.03,30500000,327942,2383.24,147544,1062.31,197157,2234.67,8132,96.952,0.0715,0
2025-10-13,FL,762,210094.25,275.71,22900000,259977,1866.55,140331,1010.38,190653,2156.79,7107,98.405,0.0693,0
2025-10-13,NY,757,209697.8,277.01,19600000,266816,1924.89,125218,901.57,184856,2097.37,7324,98.666,0.0669,0
2025-10-20,CA,1111,309854.45,278.9,39000000,381072,2741.55,169695,1221.8,256676,2910.06,10333,96.927,0.0892,0
2025-10-20,TX,863,241589.24,279.94,30500000,283247,2045.18,147400,1061.28,224863,2539.17,7831,97.774,0.0927,0
2025-10-20,FL,776,220204.09,283.77,22900000,263302,1950.16,133997,964.77,187026,2115.97,6584,97.023,0.1031,0
2025-10-20,NY,783,222633.43,284.33,19600000,276737,1995.44,142992,1029.55,179662,2035.36,6768,96.924,0.0967,0
2025-10-27,CA,1060,302477.18,285.36,39000000,352943,2534.54,180569,1300.1,258738,2935.55,9508,97.96,0.1023,0
2025-10-27,TX,896,246117.26,274.68,30500000,307803,2223.32,145254,1045.83,207618,2351.32,8131,98.878,0.0925,0
2025-10-27,FL,816,232521.73,284.95,22900000,279290,2026.89,131726,948.42,175348,1975.5,7012,98.271,0.1277,0
2025-10-27,NY,803,225687.1,281.05,19600000,267195,1945.78,139676,1005.67,181392,2049.72,7380,97.518,0.1029,0
2025-11-03,CA,1361,382301.72,280.9,39000000,429129,3115.01,262714,1891.54,323532,3650.29,12757,97.176,0.1316,0
2025-11-03,TX,1199,330700.44,275.81,30500000,427508,3111.91,218798,1575.35,264491,2982.69,10952,97.173,0.1131,0
2025-11-03,FL,942,256462.83,272.25,22900000,328832,2387.59,180683,1300.91,224258,2547.36,8867,98.093,0.1016,0
2025-11-03,NY,1031,298369.92,289.4,19600000,375796,2749.63,166180,1196.5,253729,2877.75,9299,97.78,0.1069,0
2025-11-10,CA,1371,392871.42,286.56,39000000,474019,3485.43,241745,1740.57,344879,3887.93,13486,97.444,0.1206,0
2025-11-10,TX,1153,316996.92,274.93,30500000,428033,3135.47,215506,1551.65,277637,3137.1,10309,98.442,0.1178,0
2025-11-10,FL,1031,287133.61,278.5,22900000,361735,2652.96,177256,1276.24,231150,2627.39,8761,97.751,0.1178,0
2025-11-10,NY,997,287272.53,288.14,19600000,350651,2583.8,180807,1301.81,243511,2753.23,9640,97.408,0.1455,0
2025-11-17,CA,1441,395517.78,274.47,39000000,474731,3398.6,251053,1807.58,343771,3897.25,13116,97.705,0.1484,0
2025-11-17,TX,1220,339799.33,278.52,30500000,380982,2751.93,200743,1445.35,264474,3006.69,10652,99.218,0.1239,0
2025-11-17,FL,1053,300724.82,285.59,22900000,351408,2536.7,195422,1407.04,244454,2749.76,9670,99.479,0.1439,0
2025-11-17,NY,1075,292459.48,272.06,19600000,339699,2484.7,201714,1452.34,236251,2668.35,9365,98.529,0.1571,0
2025-11-24,CA,1614,447120.89,277.03,39000000,501470,3678.59,251734,1812.48,368213,4178.72,13731,99.812,0.1333,1
2025-11-24,TX,1382,400505.37,289.8,30500000,455534,3323.24,248481,1789.06,306182,3451.96,12501,99.832,0.1498,1
2025-11-24,FL,1256,356738.04,284.03,22900000,397530,2914.37,213767,1539.13,283149,3199.34,9942,97.729,0.1362,1
2025-11-24,NY,1219,332332.92,272.63,19600000,393274,2846.24,190569,1372.1,255585,2892.17,10695,99.407,0.1557,1
2025-12-01,CA,1563,448025.41,286.64,39000000,505284,3671.22,296936,2137.94,350057,3968.68,14413,98.246,0.1523,0
2025-12-01,TX,1308,369525.05,282.51,30500000,444004,3207.04,243350,1752.12,326672,3679.47,11462,98.179,0.1499,0
2025-12-01,FL,1123,312316.25,278.11,22900000,405014,2957.39,211326,1521.55,247130,2803.12,9689,97.735,0.1446,0
2025-12-01,NY,1114,322048.7,289.09,19600000,360959,2610.06,176821,1273.11,269057,3043.28,10650,98.448,0.1771,0
2025-12-08,CA,1608,451094.32,280.53,39000000,564050,4124.77,293923,2116.25,379890,4298.79,15146,98.716,0.1779,0
2025-12-08,TX,1283,362563.79,282.59,30500000,406746,2938.15,220714,1589.14,310266,3498.74,11883,98.948,0.1708,0
2025-12-08,FL,1116,324435.9,290.71,22900000,382696,2729.83,208398,1500.47,260701,2948.16,10036,98.397,0.1837,0
2025-12-08,NY,1176,332534.85,282.77,19600000,401779,2953.19,208734,1502.89,300275,3402.58,10506,98.384,0.169,0
2025-12-15,CA,1517,419120.06,276.28,39000000,541829,3906.37,289134,2081.76,344968,3921.1,15293,99.26,0.1511,0
2025-12-15,TX,1301,374811.43,288.09,30500000,443412,3263.61,239362,1723.4,313343,3532.43,11747,99.205,0.1504,0
2025-12-15,FL,1151,327713.95,284.72,22900000,391254,2872.94,215206,1549.48,273704,3082.78,10316,98.731,0.183,0
2025-12-15,NY,1242,363012.31,292.28,19600000,437142,3183.89,200437,1443.15,277109,3127.99,10084,99.227,0.1875,0
2025-12-22,CA,1611,464070.73,288.06,39000000,500811,3657.18,266271,1917.15,397213,4491.42,14361,100.799,0.1571,0
2025-12-22,TX,1310,364248.91,278.05,30500000,444727,3258.11,225231,1621.66,324519,3685.1,12346,98.827,0.1625,0
2025-12-22,FL,1158,339664.83,293.32,22900000,384484,2849.55,197936,1425.14,264675,2992.56,10842,100.462,0.1664,0
2025-12-22,NY,1179,344532.43,292.22,19600000,416342,3029.8,196922,1417.84,268744,3045.63,11438,98.569,0.1809,0
2025-12-29,CA,1869,549163.64,293.83,39000000,616552,4551.08,290798,2093.75,458809,5188.59,16397,100.09,0.1723,1
2025-12-29,TX,1544,452418.97,293.02,30500000,474251,3451.17,262047,1886.74,357810,4046.77,12913,98.872,0.1828,1
2025-12-29,FL,1363,390336.09,286.38,22900000,436942,3170.34,215206,1549.49,336581,3805.49,10900,99.321,0.1602,1
2025-12-29,NY,1410,398435.61,282.58,19600000,438844,3211.45,247157,1779.53,330991,3736.63,11276,100.52,0.1703,1
2026-01-05,CA,1199,336284.28,280.47,39000000,429604,3100.75,200536,1443.86,306709,3463.96,10311,100.039,0.1736,0
2026-01-05,TX,969,274985.03,283.78,30500000,332108,2458.17,156118,1124.05,233778,2635.85,8737,99.789,0.1615,0
2026-01-05,FL,831,246355.49,296.46,22900000,296820,2184.71,132713,955.53,206519,2332.39,7801,100.405,0.1531,0
2026-01-05,NY,846,249141.98,294.49,19600000,321732,2329.94,154362,1111.41,208369,2357.46,7826,99.85,0.1558,0
2026-01-12,CA,1187,350013.03,294.87,39000000,438326,3194.87,213413,1536.57,279348,3168.85,11490,100.68,0.1526,0
2026-01-12,TX,1006,285566.28,283.86,30500000,348259,2490.61,183217,1319.16,257197,2901.67,9439,101.002,0.1708,0
2026-01-12,FL,839,246137.05,293.37,22900000,264959,1915.04,140711,1013.12,210396,2361.41,7354,101.624,0.1346,0
2026-01-12,NY,879,249461.31,283.8,19600000,315597,2288.69,141345,1017.68,211118,2386.84,7837,100.706,0.171,0
2026-01-19,CA,1172,337659.1,288.11,39000000,395821,2898.68,218332,1571.99,271823,3085.54,10866,100.311,0.1439,0
2026-01-19,TX,1027,306976.3,298.91,30500000,342281,2458.44,188390,1356.41,246489,2787.56,9491,100.766,0.14,0
2026-01-19,FL,872,252290.74,289.32,22900000,299855,2219.71,167567,1206.48,201616,2274.75,7990,100.388,0.1329,0
2026-01-19,NY,915,260446.88,284.64,19600000,309928,2294.34,158093,1138.27,195946,2225.46,7759,101.426,0.1238,0
2026-01-26,CA,1208,362276.82,299.9,39000000,416712,3005.57,199465,1436.15,291066,3305.55,10617,101.316,0.1503,0
2026-01-26,TX,1044,310456.48,297.37,30500000,381851,2789.09,156257,1125.05,265358,3002.82,8920,102.123,0.1174,0
2026-01-26,FL,880,256373.84,291.33,22900000,294449,2141.92,158086,1138.22,213014,2393.95,7582,100.196,0.1334,0
2026-01-26,NY,910,267366.35,293.81,19600000,293320,2110.41,160800,1157.76,224924,2545.41,8459,101.098,0.1408,0
2026-02-02,CA,1233,363007.55,294.41,39000000,380224,2759.85,241078,1735.76,277956,3163.91,10775,102.406,0.1111,0
2026-02-02,TX,1004,287088.94,285.95,30500000,360201,2629.4,175885,1266.37,262306,2964.39,9379,101.821,0.1022,0
2026-02-02,FL,884,252887.98,286.07,22900000,277952,2034.01,162324,1168.73,221907,2504.05,8131,101.159,0.1006,0
2026-02-02,NY,932,272842.17,292.75,19600000,316569,2271.97,174304,1254.99,214169,2432.76,8251,102.141,0.1164,0
2026-02-09,CA,1302,394417.63,302.93,39000000,413437,2975.75,211291,1521.3,272377,3086.7,11598,102.425,0.1272,0
2026-02-09,TX,978,294594.86,301.22,30500000,350078,2520.26,183502,1321.21,234499,2654.48,8888,101.739,0.1008,0
2026-02-09,FL,876,264141.44,301.53,22900000,290140,2137.52,163311,1175.84,227011,2561.5,8000,101.677,0.1233,0
2026-02-09,NY,917,264312.76,288.24,19600000,325246,2396.96,165676,1192.86,223897,2536.99,8182,102.292,0.1118,0
2026-02-16,CA,1275,368978.22,289.39,39000000,452956,3335.7,195404,1406.91,300543,3391.12,10925,100.773,0.0924,0
2026-02-16,TX,1051,303031.55,288.33,30500000,336233,2427.52,190699,1373.03,239753,2727.44,9267,101.381,0.1133,0
2026-02-16,FL,896,260958.63,291.25,22900000,309525,2224.53,168909,1216.14,208403,2353.31,8511,101.911,0.1032,0
2026-02-16,NY,838,252983.03,301.89,19600000,313864,2313.77,154693,1113.79,236711,2676.79,8669,100.659,0.0823,0
2026-02-23,CA,1235,373589.31,302.5,39000000,426024,3062.25,209029,1505.01,310515,3492.77,11563,101.519,0.0769,0
2026-02-23,TX,1076,310886.24,288.93,30500000,350950,2559.23,187048,1346.75,247573,2808.81,9253,103.021,0.0768,0
2026-02-23,FL,913,269164.79,294.81,22900000,290300,2101.21,137913,992.97,223931,2528.73,7754,100.862,0.0898,0
2026-02-23,NY,918,265775.0,289.52,19600000,298923,2172.45,161435,1162.33,214527,2440.54,9022,102.148,0.1013,0
2026-03-02,CA,1256,357757.11,284.84,39000000,446021,3243.66,239417,1723.8,317488,3594.17,10879,102.031,0.0858,0
2026-03-02,TX,1052,317481.71,301.79,30500000,379203,2764.71,194034,1397.04,251518,2854.61,9997,101.093,0.0636,0
2026-03-02,FL,835,243002.59,291.02,22900000,310729,2273.28,155021,1116.15,210188,2379.69,8012,102.539,0.0655,0
2026-03-02,NY,939,269203.52,286.69,19600000,316527,2280.14,162861,1172.6,212561,2399.35,8754,101.624,0.0717,0
2026-03-09,CA,1318,397189.65,301.36,39000000,466066,3365.95,207565,1494.47,298534,3391.52,12064,102.199,0.0668,0
2026-03-09,TX,1113,320364.81,287.84,30500000,394242,2850.74,187626,1350.91,262659,2968.01,10081,101.333,0.0782,0
2026-03-09,FL,928,274953.44,296.29,22900000,319254,2358.59,142507,1026.05,225282,2547.93,8677,101.931,0.0641,0
2026-03-09,NY,934,281328.76,301.21,19600000,311238,2295.86,145863,1050.21,233190,2630.82,8837,101.316,0.0663,0
2026-03-16,CA,1237,369062.18,298.35,39000000,431332,3139.81,226593,1631.47,314801,3560.21,11314,101.259,0.0827,0
2026-03-16,TX,1099,328348.25,298.77,30500000,387007,2837.56,185251,1333.81,240763,2738.74,9709,101.946,0.0621,0
2026-03-16,FL,914,270234.42,295.66,22900000,300089,2185.17,169885,1223.17,233543,2634.67,8496,103.081,0.0882,0
2026-03-16,NY,991,297469.31,300.17,19600000,342742,2513.76,181088,1303.84,234089,2636.22,8466,102.969,0.0729,0
2026-03-23,CA,1311,367857.35,280.59,39000000,412802,2993.38,233665,1682.39,314957,3551.75,12096,101.591,0.0723,0
2026-03-23,TX,1112,326092.91,293.25,30500000,360055,2634.89,165298,1190.15,239817,2709.04,9403,102.845,0.0605,0
2026-03-23,FL,899,255667.79,284.39,22900000,328387,2365.48,148265,1067.51,213833,2415.79,8328,102.539,0.0517,0
2026-03-23,NY,961,282278.94,293.73,19600000,321557,2290.37,154258,1110.65,227465,2569.68,8936,101.258,0.0839,0
2026-03-30,CA,1523,448821.58,294.7,39000000,447439,3263.02,228298,1643.74,342322,3889.78,13404,101.62,0.0701,1
2026-03-30,TX,1259,363366.02,288.61,30500000,385096,2835.01,187828,1352.37,268402,3042.39,10510,102.91,0.0814,1
2026-03-30,FL,1135,319357.61,281.37,22900000,325589,2388.16,197401,1421.29,263166,2973.19,9262,103.149,0.0672,1
2026-03-30,NY,1115,313472.13,281.14,19600000,334251,2400.71,196151,1412.28,255647,2879.5,9860,102.004,0.0774,1
2026-04-06,CA,1264,360466.94,285.18,39000000,438683,3193.41,206393,1486.03,303161,3411.74,11830,103.005,0.075,0
2026-04-06,TX,1113,321961.68,289.27,30500000,368997,2670.65,199251,1434.61,233189,2638.14,9359,102.25,0.0886,0
2026-04-06,FL,957,268750.51,280.83,22900000,312099,2273.66,173498,1249.18,235921,2666.43,8138,103.138,0.0766,0
2026-04-06,NY,969,282343.16,291.38,19600000,295840,2163.66,185837,1338.02,245508,2769.76,9200,101.729,0.0769,0
2026-04-13,CA,1239,360389.36,290.87,39000000,412004,2992.43,231740,1668.53,312279,3528.59,12501,101.241,0.0838,0
2026-04-13,TX,1051,305350.04,290.53,30500000,330598,2392.18,189652,1365.5,255271,2880.07,10185,103.218,0.0973,0
2026-04-13,FL,988,279561.75,282.96,22900000,321888,2367.01,156265,1125.11,225213,2544.94,8860,103.515,0.0739,0
2026-04-13,NY,940,259316.25,275.87,19600000,331131,2441.32,154005,1108.83,228723,2580.6,8990,102.214,0.085,0
2026-04-20,CA,1296,377594.46,291.35,39000000,459223,3344.44,215128,1548.92,324637,3655.46,11896,101.864,0.1119,0
2026-04-20,TX,1103,314062.96,284.74,30500000,379734,2801.56,205907,1482.53,268323,3034.71,10084,101.233,0.0847,0
2026-04-20,FL,912,250841.96,275.05,22900000,305500,2227.33,151656,1091.93,230532,2590.34,8289,102.647,0.1034,0
2026-04-20,NY,932,270989.6,290.76,19600000,319812,2282.42,152728,1099.64,208680,2369.61,9031,101.229,0.0853,0
2026-04-27,CA,1288,352329.19,273.55,39000000,445511,3198.16,212343,1528.87,306836,3471.68,11050,101.634,0.103,0
2026-04-27,TX,1058,297020.59,280.74,30500000,369305,2640.48,174120,1253.67,239550,2718.01,10251,101.661,0.0884,0
2026-04-27,FL,935,271877.9,290.78,22900000,284032,2073.79,174804,1258.59,212382,2398.41,8725,102.867,0.1141,0
2026-04-27,NY,951,266443.53,280.17,19600000,350806,2544.89,163502,1177.21,224384,2529.34,8860,101.056,0.0885,0
2026-05-04,CA,1281,356046.69,277.94,39000000,433492,3153.12,212773,1531.97,326495,3681.49,12229,102.724,0.1224,0
2026-05-04,TX,1122,310657.13,276.88,30500000,393121,2859.85,201083,1447.8,262727,2961.12,9204,101.343,0.1215,0
2026-05-04,FL,891,250539.51,281.19,22900000,326336,2344.67,171794,1236.91,215262,2452.65,8008,101.256,0.1303,0
2026-05-04,NY,969,273941.53,282.71,19600000,300048,2158.94,182559,1314.42,228660,2573.65,8308,102.321,0.1281,0
2026-05-11,CA,1305,365743.55,280.26,39000000,460456,3323.58,203047,1461.94,312150,3520.29,11202,102.606,0.1158,0
2026-05-11,TX,1037,294338.86,283.84,30500000,366272,2630.81,174317,1255.08,244333,2772.99,9695,101.328,0.1502,0
2026-05-11,FL,933,260235.69,278.92,22900000,323023,2334.84,177098,1275.1,206959,2357.49,7804,101.491,0.1364,0
2026-05-11,NY,944,258768.73,274.12,19600000,320476,2380.62,158993,1144.75,234599,2650.28,8063,100.723,0.1359,0
2026-05-18,CA,1317,364853.3,277.03,39000000,431852,3193.29,245239,1765.72,281030,3185.56,10885,102.572,0.1516,0
2026-05-18,TX,1028,282997.48,275.29,30500000,360741,2677.81,174346,1255.29,248440,2809.86,9558,101.877,0.1378,0
2026-05-18,FL,890,252035.03,283.19,22900000,301404,2171.78,161746,1164.57,225010,2527.65,8468,102.704,0.129,0
2026-05-18,NY,904,249834.49,276.37,19600000,351317,2549.12,170222,1225.6,237849,2690.79,8834,101.499,0.1486,0
2026-05-25,CA,1242,355749.17,286.43,39000000,418894,3070.77,197741,1423.74,298467,3388.41,11339,102.323,0.1661,0
2026-05-25,TX,1076,294887.25,274.06,30500000,380392,2753.77,164521,1184.55,277039,3122.89,9744,100.347,0.1652,0
2026-05-25,FL,950,271500.74,285.79,22900000,320538,2345.34,163830,1179.58,209719,2370.09,8263,100.226,0.1529,0
2026-05-25,NY,943,265649.11,281.71,19600000,295022,2132.73,175004,1260.03,231137,2616.6,8362,101.623,0.1548,0
2026-06-01,CA,1282,370969.88,289.37,39000000,418794,2999.99,200043,1440.31,319282,3619.11,11122,100.248,0.1743,0
2026-06-01,TX,975,273866.94,280.89,30500000,329188,2413.86,178342,1284.06,248469,2786.62,9970,101.951,0.1542,0
2026-06-01,FL,879,254785.18,289.86,22900000,298737,2126.62,159457,1148.09,220885,2490.72,7656,99.935,0.1686,0
2026-06-01,NY,923,259708.27,281.37,19600000,329564,2428.84,171511,1234.88,228396,2586.38,8971,101.221,0.1461,0
2026-06-08,CA,1236,348839.62,282.23,39000000,430239,3191.72,193696,1394.61,305347,3440.97,11386,100.395,0.1751,0
2026-06-08,TX,1058,308617.78,291.7,30500000,383898,2774.14,192406,1385.33,240056,2703.15,9693,99.678,0.1534,0
2026-06-08,FL,875,240059.62,274.35,22900000,317395,2294.27,164118,1181.65,208193,2357.03,8392,100.573,0.1485,0
2026-06-08,NY,940,257788.71,274.24,19600000,286739,2083.92,143965,1036.55,209137,2381.93,8506,100.838,0.1588,0
2026-06-15,CA,1226,344949.1,281.36,39000000,397532,2876.5,209077,1505.36,304188,3439.99,10613,100.75,0.17,0
2026-06-15,TX,1036,296404.09,286.1,30500000,344178,2548.67,169374,1219.49,243397,2728.56,8898,99.766,0.1788,0
2026-06-15,FL,936,272310.31,290.93,22900000,318499,2300.67,149983,1079.88,220854,2493.27,7785,99.743,0.1818,0
2026-06-15,NY,924,264908.21,286.7,19600000,320054,2332.77,163028,1173.8,203739,2302.88,8488,101.136,0.1564,0
2026-06-22,CA,1181,335647.18,284.21,39000000,410474,2934.62,221864,1597.42,280277,3188.21,11791,99.963,0.1746,0
2026-06-22,TX,1067,314477.72,294.73,30500000,332536,2380.4,190947,1374.82,250990,2832.07,9870,99.512,0.1662,0
2026-06-22,FL,876,249154.65,284.42,22900000,276384,1996.67,140952,1014.85,213232,2414.45,7648,99.099,0.1808,0
2026-06-22,NY,916,269819.03,294.56,19600000,292272,2106.56,158459,1140.9,230016,2592.18,8149,99.32,0.1761,0
2026-06-29,CA,1428,418336.28,292.95,39000000,468828,3434.31,235716,1697.15,340292,3834.8,12596,98.841,0.1638,1
2026-06-29,TX,1205,356070.99,295.49,30500000,374270,2677.3,200031,1440.23,269056,3027.26,9889,100.709,0.1481,1
2026-06-29,FL,1040,305760.65,294.0,22900000,315748,2266.36,181202,1304.65,210177,2370.9,8875,100.275,0.1612,1
2026-06-29,NY,1046,301746.42,288.48,19600000,323677,2364.32,175393,1262.83,226485,2563.78,8437,99.815,0.1853,1
